id,title,description,image,user_id,created_at
3,What is WayzAway Social Network?,"Have you ever wanted a place to record all the experiences and places you’ve visited and share those with only people you know and care about?

Would you like a safe place for your friends and family to share what they though of their weekend trip away, see the places they go and get ideas on what to do with your own free time?

WayzAway was started as a way to use social media to help people share their days out, trips and experiences with friends and families.

Use WazAway to record places or events you’ve experienced with your family, friends or on your own. You can also add places you plan to visit, invite your friends and wider family members to follow you and inspire each other with ideas for places to visit.

Wayzaway is a social network site that focuses on enhancing real life connections. There are no public profiles, no trending topics, your friend list built by email invite only and your page is only private to you and any friends you choose.

You can view the places your friends and families have visited and if you’re inspired to try it out yourself, add it to your favourites or to your wish list.

We believe WayzAway is how social media is meant to be. Practical, safe and helps you enjoy the connections with people you already know in real life.

Photo by Robert Collins on Unsplash
",blog-1698148891009-70301.jpg,1,2023-10-24 19:00:12
4,"Website Logo, Home Page and Image Credits","Customer-journey icons created by Pixel perfect - Flaticon
Summer icons created by max.icons - Flaticon
Fun icons created by Freepik - Flaticon
Motorhome icons created by Smashicons - Flaticon
People icons created by Freepik - Flaticon

Photo by Scott Webb on Unsplash
Photo by Chris Richmond on Unsplash
Photo by Trust “Tru” Katsande on Unsplash

",blog-1698150319340-61808.jpg,1,2023-10-24 19:23:07
5,National Trust - A Great Idea for Family Days Out,"National Trust Family Membership is currently £7.60 per month (1 adult + their children/grandchildren aged 17 or under) or £12.20 per month (2 adults living in the same household, their children/grandchildren aged 17 or under).

Or there is an option to purchase membership on an annual basis or as a gift. 

A child's age is classed as 17 or under with National Trust which is brilliant for us as a family with two toddlers.

We have been National Trust members for about four years and have had the pleasure of visiting plenty of historic houses, learnt a lot about British history and had some wonderful days out.

The sites usually have amazing gardens, café’s and play areas for children. 

As I have already said, exploring the historic house is a great idea for a day out for the family, is highly educational and also interesting. The sites also make for great pictures.

We regularly use our National Trust membership and I think it's genuinely one of the best value memberships you can buy.

If you're looking for a membership where you can pay up front for the year or spread the cost via monthly payments which will include a never ending supply of activities and things to do (and is perfect for dog-owning families too), National Trust Membership could be for you. 
",blog-1699063213248-20985.jpeg,1,2023-11-04 09:00:14
6,Why You Should Embrace Travel Blogs,"In a world that is becoming increasingly interconnected, the desire to explore new horizons has never been more prevalent. As the allure of travel continues to captivate individuals around the globe, the need for reliable and authentic information has become paramount. Enter travel blogs, the digital compass that guides wanderlust-stricken souls through uncharted territories. In this article, we delve into the reasons why people should embrace travel blogs as indispensable tools for planning and enhancing their travel experiences.

1.	Personalized Insights and Authentic Experiences:

Travel blogs are a treasure trove of personalized insights and authentic experiences. Unlike generic travel guides, blogs are often written by real travelers who share their unique encounters, hidden gems, and invaluable tips. This firsthand information provides a level of authenticity that guidebooks may lack, helping readers make more informed decisions about their travel destinations, accommodations, and activities.

2.	Real-Time Updates:

One of the significant advantages of travel blogs is the ability to provide real-time updates. Traditional travel guides may become outdated quickly, whereas blogs can be continuously updated to reflect the latest information, such as changes in local regulations, newly discovered attractions, or emerging trends. This ensures that travellers stay well-informed and prepared for any changes that may impact their journeys.

3.	Diverse Perspectives:

Travel blogs offer a diverse range of perspectives, allowing readers to explore destinations through the eyes of different individuals. Whether it's a family adventure, solo exploration, or budget-friendly escapades, bloggers often share their unique viewpoints and experiences. This diversity enables travelers to find information that resonates with their specific interests, preferences, and travel styles.

4.	Interactive Communities:

Many travel blogs foster interactive communities where readers can engage in discussions, ask questions, and share their own experiences. This sense of community creates a supportive environment where travelers can seek advice, connect with like-minded individuals, and gain insights from a collective pool of knowledge. The exchange of ideas within these communities can enrich the travel planning process and contribute to a more enjoyable journey.

5.	Visual Inspiration:

Humans are visual beings, and travel blogs leverage this aspect by incorporating captivating photos and videos. These visual elements provide readers with a sneak peek into the beauty and vibrancy of a destination. High-quality images and engaging multimedia content help individuals envision their upcoming travels, igniting the spark of wanderlust and motivating them to explore new places.

6.	Budget-Friendly Tips:

Travel blogs are an excellent resource for budget-conscious travelers seeking tips on how to make the most of their money. Bloggers often share cost-saving strategies, hidden gems that won't break the bank, and insights into affordable accommodation options. This information empowers individuals to plan budget-friendly trips without compromising on the quality of their experiences.

Conclusion:

In a world where the possibilities for exploration are endless, travel blogs serve as indispensable companions for those seeking to embark on unforgettable journeys. The combination of personalized insights, real-time updates, diverse perspectives, interactive communities, visual inspiration, and budget-friendly tips makes travel blogs an invaluable tool for both seasoned globetrotters and first-time adventurers. So, before you set off on your next adventure, let the digital compass of a travel blog guide you through the wondrous landscapes and cultural wonders that await.

Photo by Kalen Emsley on Unsplash


",blog-1701437301800-86177.jpeg,1,2023-12-01 20:28:23
7,Discovering Birmingham: A Guide to the Best Places to Visit in the UK's Second City,"Birmingham, often referred to as the ""Heart of England,"" is a vibrant and dynamic city that seamlessly blends rich history with modern innovation. From its industrial heritage to its diverse cultural offerings, Birmingham has something for every type of traveler. In this guide, we'll explore the best places to visit in this bustling metropolis, showcasing its unique charm and attractions.

1.	Birmingham Museum and Art Gallery (BMAG): Start your journey through Birmingham's rich cultural tapestry by visiting the Birmingham Museum and Art Gallery. Located in the city center, BMAG houses an impressive collection of art, artifacts, and exhibitions spanning centuries. From pre-Raphaelite masterpieces to ancient artifacts, the museum provides a fascinating glimpse into Birmingham's historical and artistic legacy.

2.	Cadbury World: A visit to Birmingham wouldn't be complete without indulging in some chocolatey delights at Cadbury World. Perfect for families and chocolate enthusiasts alike, this interactive experience takes you through the history of Cadbury and offers a behind-the-scenes look at chocolate production. Don't forget to savor the delicious treats along the way!

3.	Birmingham Botanical Gardens: Escape the urban hustle and bustle at the Birmingham Botanical Gardens, a serene oasis in the heart of the city. These stunning gardens feature a wide variety of plants, including tropical and subtropical specimens, making it an ideal spot for a leisurely stroll or a peaceful afternoon picnic.

4.	The Jewellery Quarter: For a taste of Birmingham's artisanal heritage, head to the Jewellery Quarter. This historic area is home to a plethora of independent shops, galleries, and workshops where you can witness skilled craftsmen creating intricate jewelry. Explore the charming streets, visit the museums, and perhaps find a unique piece to take home.

5.	Birmingham Hippodrome: If you're a fan of the performing arts, the Birmingham Hippodrome is a must-visit. As one of the busiest and most popular theaters in the UK, it hosts a diverse range of performances, from West End productions to contemporary dance and opera.

6.	Canals of Birmingham: Often called the ""Venice of the North,"" Birmingham boasts an extensive network of canals. Take a leisurely canal boat ride or enjoy a stroll along the picturesque towpaths. The Gas Street Basin, at the heart of the canal network, is particularly charming with its waterside cafes and historic architecture.

7.	Library of Birmingham: For a modern architectural marvel, visit the Library of Birmingham. This iconic structure is not just a haven for book lovers but also offers stunning panoramic views of the city from its rooftop terrace. The library hosts events, exhibitions, and workshops, making it a cultural hub for locals and visitors alike.

8.	Sarehole Mill: Explore Birmingham's connection to J.R.R. Tolkien at Sarehole Mill, believed to be the inspiration for the author's vision of Hobbiton. This historic water mill, surrounded by picturesque countryside, provides a tranquil escape and a glimpse into Birmingham's rural past.


Birmingham, with its diverse attractions and rich cultural offerings, is a city that captivates visitors from near and far. From its world-class museums to its serene botanical gardens, the city offers a perfect blend of history, culture, and modernity. Whether you're interested in arts and history or simply want to enjoy the vibrant atmosphere, Birmingham is sure to leave you with lasting memories.


Photo by Brian Lewicki on Unsplash




",blog-1701779681716-91482.jpeg,1,2023-12-05 19:34:42
8,Navigating Adventures: The Benefits of Online Travel Journals,"In the age of digital connectivity, the way we document and share our travel experiences has evolved. Online travel journals have become invaluable tools for globetrotters seeking to chronicle their journeys and share their stories with a wider audience. This article explores the myriad benefits of using online travel journals, illustrating why this modern approach is a fantastic idea for every avid traveller.

1.	Accessible Anytime, Anywhere: One of the primary advantages of online travel journals is their accessibility. Unlike traditional journals, which may be easily misplaced or damaged, digital platforms allow travellers to access their entries from anywhere with an internet connection. This convenience ensures that your travel memories are always at your fingertips, whether you're reminiscing at home or sharing stories on the go.

2.	Multimedia Integration: Online travel journals provide the flexibility to incorporate various media elements seamlessly. From photos and videos to audio clips, travellers can enhance their narratives by capturing the sights, sounds, and emotions of their experiences. This multimedia approach not only enriches the storytelling process but also allows readers to immerse themselves more fully in the adventure.

3.	Community Engagement: Online travel journals foster a sense of community among like-minded individuals. By sharing your experiences on popular travel platforms or social media, you connect with fellow travellers, exchange tips, and inspire one another. The ability to receive feedback and engage in discussions adds a social dimension to your travel documentation, creating a network of supportive travel enthusiasts.

4.	Real-Time Updates for Loved Ones: For those who embark on journeys far from home, online travel journals serve as a real-time communication tool. Friends and family can follow your adventures instantly, providing them with peace of mind and a glimpse into your experiences. This instantaneous connection helps bridge the physical distance and ensures that your loved ones are part of your journey, even from afar.

5.	Searchable and Organized Content: Digital travel journals offer robust organizational tools, allowing travellers to categorize and search for specific entries effortlessly. This makes it easier to revisit particular moments, track recommendations, and compile valuable information for future trips. The searchable nature of online journals transforms them into dynamic, ever-growing travel resources.

6.	Privacy Controls: While sharing is a significant aspect of online travel journals, users maintain control over their privacy settings. Most platforms allow travellers to choose who can access their content, striking a balance between sharing experiences with a wider audience and maintaining personal boundaries.

Embracing the digital era has undoubtedly enhanced the way we document and share our travel adventures. Online travel journals offer a myriad of benefits, from accessibility and multimedia integration to community engagement and real-time updates for loved ones. As you embark on your next journey, consider weaving your travel tales into the digital fabric of online journals, ensuring that your experiences become enduring stories shared with the world.
",blog-1701780435001-2603.jpeg,1,2023-12-05 19:45:25
9,Embracing Solitude: Unique Solo Day Out Ideas for Self-Discovery,"In a world bustling with activity and constant connectivity, spending quality time alone has become a rarity. However, carving out moments for solitary adventures can be an enriching and rejuvenating experience. Whether you're seeking self-reflection, a break from routine, or simply embracing the joy of your own company, there are numerous unique solo day out ideas waiting to be explored.


1. Nature Retreat:

Escape the urban hustle and immerse yourself in the tranquility of nature. Explore a nearby national park, botanical garden, or nature reserve. Take a leisurely hike, pack a picnic, or simply find a quiet spot to connect with the natural world. The serene atmosphere provides the perfect backdrop for self-reflection and mindfulness.


2. Artistic Excursion:

Visit a local art gallery, museum, or sculpture park to indulge in the world of creativity. Allow the artwork to evoke emotions and contemplation. Take your time strolling through exhibits, absorbing the beauty and cultural richness on your own terms. Consider bringing a sketchpad or journal to capture your own thoughts inspired by the art.


3. Culinary Adventure:

Treat your taste buds to a solo culinary journey. Choose a cozy cafe, an exotic restaurant, or a food festival. Savor the flavors, try new dishes, and relish the experience of dining without distractions. You might even consider enrolling in a cooking class to enhance your culinary skills and bring the joy of a delicious homemade meal back home.


4. Mindful Retreat:

Engage in a day of self-care and mindfulness. Attend a yoga or meditation workshop, or embark on a solo retreat at a spa or wellness center. Pamper yourself with a massage, immerse in the healing properties of a hot spring, or simply unwind in a peaceful setting. Rediscover the importance of taking care of your mental and physical well-being.


5. Literary Expedition:

For book lovers, a day spent at a local library, bookstore, or literary cafe can be a haven of solace. Select a few books, find a quiet reading nook, and lose yourself in the world of literature. Alternatively, consider attending a book club meeting or literary event to connect with fellow enthusiasts and share your thoughts on a shared passion.


6. Photography Exploration:

Capture the world through your lens on a solo photography expedition. Wander through city streets, parks, or scenic landscapes, and document the beauty you encounter. Whether you're an experienced photographer or a beginner, this creative endeavor allows you to see the world from a unique perspective and create lasting visual memories.


7. Educational Excursion:

Feed your curiosity by attending a workshop, lecture, or seminar on a topic that intrigues you. Whether it's a history lecture, a science workshop, or a language class, engaging in intellectual pursuits on your own terms can be both fulfilling and empowering. Explore your interests and expand your knowledge base in a solo educational adventure.
Remember, the key to a successful solo day out is to embrace the
freedom and self-discovery that comes with being alone. Take the time to listen to your thoughts, appreciate your surroundings, and relish in the joy of being fully present in the moment.


8. Fitness Exploration:

Embark on a fitness adventure tailored to your interests. Try a new workout class, whether it's yoga, dance, or martial arts. Alternatively, explore a scenic trail for a solo jog or hike. Physical activity not only contributes to your well-being but also provides an opportunity for self-reflection and personal growth.


9. Volunteer Experience:

Channel your energy into meaningful and altruistic endeavors by spending a day volunteering. Whether it's at a local animal shelter, a community garden, or a soup kitchen, contributing to a cause you care about can be a rewarding and fulfilling experience. Connect with others through shared values and make a positive impact on your community.


10. Urban Exploration:

Become a tourist in your own city by exploring hidden gems and landmarks you may have overlooked. Visit a neighborhood you haven't explored before, try a new cafe, or attend a local event. The sense of adventure and discovery in familiar surroundings can provide a fresh perspective and a renewed appreciation for your hometown.


11. Technology Detox Day:

Unplug and disconnect from the digital world for a day. Turn off your phone, resist the urge to check social media, and instead focus on connecting with yourself and your surroundings. Spend time in nature, engage in analog activities like journaling or sketching, and allow your mind to appreciate the simplicity of the offline experience.


12. Cultural Immersion:

Immerse yourself in the cultural richness of your community by attending a theater performance, live music concert, or cultural festival. Embrace the opportunity to appreciate the arts and connect with the vibrant tapestry of your local community. Being alone allows you to absorb the experience at your own pace and indulge in the cultural offerings that resonate with you.


As you venture into the world of solo exploration, remember that the goal is not just to be alone but to actively engage with yourself and your surroundings. Embrace the freedom to choose activities that resonate with your interests and passions. These unique solo day out ideas are designed to spark self-discovery, promote mindfulness, and foster a deeper connection with the world around you. So, step out, savor the solitude, and let each solo adventure be a celebration of your individuality and personal growth.

Photo by Myles Tan on Unsplash
",blog-1702385724250-50821.jpeg,1,2023-12-12 19:55:25
10,The Case for Private Social Media Platforms,"In recent years, the landscape of social media has undergone significant changes, with users increasingly seeking platforms that prioritize privacy and security. The rise of private social media platforms has sparked a conversation about the benefits of a more guarded online environment. This article delves into the reasons why private social media is gaining traction, supported by research findings that shed light on the advantages of a more secure and controlled digital space.


1.	Enhanced Privacy and Security:

One of the primary advantages of private social media platforms is the heightened focus on user privacy and security. Research consistently demonstrates that individuals are becoming more concerned about the potential misuse of their personal data on mainstream social networks. Private platforms, with end-to-end encryption and strict privacy controls, provide users with a greater sense of control over their information.
According to a study by the Pew Research Center, 79% of adults in the United States are concerned about the way companies use their data. Private social media platforms, by encrypting communications and limiting data access, address these concerns and offer a more secure online experience.


2.	Curbing Cyberbullying and Harassment:

Research has shown a disturbing rise in cyberbullying and online harassment on open social media platforms. Private social media networks mitigate these issues by allowing users to carefully curate their connections, limiting interactions to a more trusted circle of friends and family. A study published in the Journal of Social and Personal Relationships found that individuals on private social media reported lower levels of online harassment compared to those on public platforms.


3.	Authentic Connections and Meaningful Engagement:

Private social media fosters a more intimate and authentic online experience. Research from the Journal of Communication Studies suggests that users on private platforms often engage in more meaningful conversations with close-knit groups. By creating a space where users feel comfortable sharing without the fear of judgment from a wider audience, private social media platforms encourage genuine connections.


4.	Personalized Content and Reduced Information Overload:

Public social media platforms are often criticized for overwhelming users with a constant stream of information. Private social media, on the other hand, emphasizes quality over quantity. Research conducted by the International Journal of Human-Computer Studies indicates that users on private platforms experience less information overload and are more likely to engage with content that is personally relevant.


Conclusion:

As research continues to highlight the drawbacks of public social media platforms, the appeal of private social networks becomes increasingly evident. Enhanced privacy, protection against cyberbullying, authentic connections, and personalized content are just a few of the advantages that make private social media a compelling choice for those seeking a more secure and meaningful online experience. As individuals become more conscious of their digital footprint, the shift towards private social media is likely to persist, reshaping the social media landscape in the years to come.


Photo by Prateek Katyal on Unsplash",blog-1702473668409-85345.jpeg,1,2023-12-13 20:21:09
11,Exploring the Idyllic Charm: A Review of the West Midlands' Most Popular Countryside Destinations,"Nestled in the heart of the United Kingdom, the West Midlands offers a delightful tapestry of picturesque landscapes, quaint villages, and serene countryside getaways. For those seeking a peaceful escape from bustling urban life, the region boasts an array of charming destinations. In this article, we will explore and review some of the most popular countryside places to visit in the West Midlands, each offering a unique blend of natural beauty, cultural richness, and tranquility.


1.	Malvern Hills: A Panoramic Paradise

The Malvern Hills, designated as an Area of Outstanding Natural Beauty, provide a stunning backdrop for nature enthusiasts and hikers alike. With sprawling vistas that extend across the Severn Valley and charming market towns like Great Malvern, visitors can enjoy a perfect blend of outdoor activities and relaxation. The Worcestershire Beacon, the highest point of the hills, rewards hikers with breathtaking panoramic views.


2.	Cotswolds: Timeless Beauty and Quintessential Charm

Venture into the northeastern corner of the West Midlands, and you'll find yourself in the enchanting Cotswolds. Famous for its honey-colored limestone villages, rolling hills, and meandering streams, the Cotswolds offer a quintessentially English countryside experience. Bibury, with its iconic Arlington Row cottages, and Bourton-on-the-Water, known as the ""Venice of the Cotswolds,"" are must-visit gems.


3.	Stratford-upon-Avon: Shakespearean Splendor

While renowned as the birthplace of William Shakespeare, Stratford-upon-Avon also boasts scenic riverside views and beautiful parks. Take a stroll along the banks of the River Avon, explore the manicured gardens of Anne Hathaway's Cottage, and soak in the cultural ambiance of the Royal Shakespeare Theatre. The town effortlessly combines literary history with the tranquility of the countryside.


4.	Dudley Canal and Tunnel Trust: Hidden Waterway Wonders

For a unique countryside experience, head to Dudley and explore the fascinating Dudley Canal and Tunnel Trust. Take a boat trip through limestone caverns and tunnels, learning about the region's industrial history. The limestone mines and Dudley Canal provide a distinctive countryside setting, offering visitors an intriguing blend of nature and heritage.


5.	The Long Mynd: Shropshire's Hiker's Haven

Venturing into Shropshire, the Long Mynd offers a haven for hikers and lovers of rugged landscapes. This expansive moorland, crisscrossed by walking trails, provides breathtaking views of the Shropshire Hills. Carding Mill Valley, with its babbling streams and heather-clad hills, is a gateway to this natural wonder.


Conclusion:

The West Midlands' countryside unveils a tapestry of diverse landscapes, from the panoramic views of the Malvern Hills to the timeless charm of the Cotswolds and the cultural richness of Stratford-upon-Avon. Whether you're a hiker, history enthusiast, or simply seeking tranquility, the West Midlands' countryside destinations offer a plethora of options for an unforgettable retreat into nature's embrace. Each location we've explored adds a unique flavor to the region's rural allure, inviting visitors to experience the idyllic charm of the West Midlands.


Photo by Illiya Vjestica on Unsplash",blog-1702473976477-93383.jpeg,1,2023-12-13 20:26:17
12,"""Nature's Symphony: A Review of the Twelve Most Beautiful Parks in the West Midlands""","The West Midlands, a region pulsating with urban energy, also houses a collection of breathtaking parks that serve as verdant sanctuaries for residents and visitors alike. From meticulously manicured gardens to sprawling expanses of natural beauty, these twelve parks showcase the diverse landscapes and recreational havens that the West Midlands has to offer.


1.	Cannon Hill Park (Birmingham): A Green Oasis in the City

Cannon Hill Park, nestled in the heart of Birmingham, is a verdant haven boasting pristine lakes, charming walking paths, and vibrant floral displays. With its boating lake and family-friendly attractions, this park seamlessly combines natural beauty with recreational opportunities.


2.	Warley Woods (Smethwick): Tranquility in the Urban Landscape

Warley Woods, a sprawling park in Smethwick, offers a peaceful retreat surrounded by ancient woodlands and open meadows. With its well-maintained trails and historic charm, this park provides a serene escape from the hustle and bustle of city life.


3.	Sandwell Valley Country Park (West Bromwich): Nature and Heritage Intertwined

Sandwell Valley Country Park seamlessly blends natural beauty with historical significance. Home to Sandwell Priory and Forge Mill Farm, this park invites visitors to explore its scenic trails while immersing themselves in the region's rich heritage.


4.	Kings Heath Park (Birmingham): A Botanical Gem

For flora enthusiasts, Kings Heath Park is a botanical gem featuring a Victorian conservatory, a sensory garden, and a stunning array of plants. The park's meticulous landscaping and diverse plant life make it a visual feast for nature lovers.


5.	Walsall Arboretum: A Riverside Oasis

Walsall Arboretum, situated along the banks of the Hatherton Canal, offers a tranquil escape with its ornamental lake, boating facilities, and lush greenery. The park's carefully designed landscapes make it a popular destination for both relaxation and recreation.


6.	Sutton Park (Sutton Coldfield): A Wilderness Retreat

Sutton Park, one of the largest urban parks in Europe, spans over 2,000 acres of woodlands, heathlands, and wetlands. With its expansive landscapes and numerous lakes, Sutton Park provides a wilderness retreat just a stone's throw from the city.


7.	Edgbaston Reservoir (Birmingham): A Serene Waterfront Escape

Edgbaston Reservoir offers a peaceful waterfront escape surrounded by greenery. The reservoir's walking and cycling paths provide panoramic views of the city skyline, creating a serene atmosphere for those seeking a contemplative outdoor experience.


8.	East Park (Wolverhampton): Victorian Elegance Amidst Nature

East Park, an exemplar of Victorian park design, features ornamental gardens, a boating lake, and a miniature railway. The park's elegant landscaping and diverse recreational facilities make it a cherished destination for families and nature enthusiasts.


9.	Bantock Park (Wolverhampton): A Blend of Nature and Art

Bantock Park, surrounding the historic Bantock House, seamlessly blends nature with art and culture. The park's formal gardens, woodlands, and vibrant flowerbeds provide a scenic backdrop for exploring the museum and its art collections.


10.	Lickey Hills Country Park (Birmingham): A Hiker's Haven

Lickey Hills Country Park, known for its panoramic views of the surrounding countryside, offers a haven for hikers and nature enthusiasts. With its diverse habitats, including heathlands and ancient woodlands, the park provides a rich tapestry of natural wonders.


11.	Cofton Park (Birmingham): A Green Jewel in Longbridge

Cofton Park, situated in the Longbridge area, features expansive green spaces, woodlands, and a beautiful lake. The park's well-maintained paths and play areas make it a popular destination for families and individuals seeking a peaceful outdoor experience.


12.	Calderstones Park (Liverpool, but close to West Midlands): A Botanical Paradise

Just a short distance away in Liverpool, Calderstones Park beckons with its stunning botanical gardens, historical features, and the Allerton Oak, a thousand-year-old tree. The park's horticultural beauty and cultural significance make it a noteworthy destination for nature lovers.


Conclusion:

The West Midlands' parks are not merely green spaces; they are living canvases that showcase the region's commitment to preserving and celebrating nature. From the urban elegance of Cannon Hill Park to the wilderness charm of Sutton Park, each of these twelve parks contributes to the symphony of natural beauty that defines the West Midlands. Whether you seek a tranquil retreat, a botanical paradise, or a wilderness adventure, these parks offer a diverse range of experiences for everyone to enjoy.
",blog-1702474688565-92655.jpeg,1,2023-12-13 20:38:09
13,The Best Indoor Family-Friendly Activities in London,"London, a city bursting with cultural richness and historical landmarks, also provides a plethora of indoor activities that promise a world of excitement and exploration for families. Whether the weather outside is dreary or you simply prefer indoor adventures, the capital city has something for everyone. In this article, we'll explore and review the best indoor activities for families in London, ensuring a memorable experience for all.


1.	The Science Museum: Unleashing Curiosity

Located in the heart of South Kensington, the Science Museum is a treasure trove of interactive exhibits, mind-boggling experiments, and educational fun. Families can explore everything from space travel to the wonders of human biology, making it an ideal destination for curious minds of all ages.


2.	The Natural History Museum: A Jurassic Adventure

Another gem in South Kensington, the Natural History Museum invites families to embark on a journey through the wonders of the natural world. From towering dinosaur skeletons to dazzling gemstones, this museum combines education with awe-inspiring exhibits that captivate both young and old.


3.	KidZania: Where Imagination Takes Flight

Nestled within the Westfield Shopping Centre in Shepherd's Bush, KidZania offers a unique and immersive experience for children. This child-sized city allows young ones to try out various professions, from firefighting to broadcasting, fostering creativity and a sense of independence in a safe and controlled environment.


4.	SEA LIFE London Aquarium: Dive into Ocean Wonders

Situated on the South Bank of the Thames, the SEA LIFE London Aquarium provides a mesmerizing underwater adventure. Families can marvel at majestic sharks, graceful rays, and playful penguins in the aquarium's diverse exhibits, making it a fantastic destination for marine enthusiasts.


5.	Hamleys: Toy Wonderland in Regent Street

For a whimsical indoor experience, Hamleys in Regent Street is a toy wonderland that sparks joy for visitors of all ages. With multiple floors filled with games, dolls, and interactive demonstrations, this iconic toy store offers a magical journey through the world of play.


6.	Shrek's Adventure!: A Fairy Tale Extravaganza

Located on the South Bank, Shrek's Adventure! takes families on a hilarious and immersive journey through the kingdom of Far Far Away. Interactive shows, captivating storytelling, and beloved characters make this attraction a hit for families seeking a dose of fairy-tale magic.


7.	The British Museum: Time Travel Through History

Journey through time at The British Museum, located in Bloomsbury. With its vast collection of artifacts from around the world, this museum offers a fascinating glimpse into the history of human civilization. The Rosetta Stone, the Egyptian mummies, and the Elgin Marbles are just a few highlights awaiting exploration.


8.	Clip 'n Climb Chelsea: Scaling New Heights

For active families, Clip 'n Climb Chelsea provides a thrilling indoor rock-climbing experience. With colorful climbing walls and various challenges suitable for different skill levels, this venue offers a physically engaging and adventurous outing for the entire family.


9.	The Postal Museum: A Journey Below the Streets

Delve into the history of communication at The Postal Museum, which includes a unique Mail Rail ride beneath the streets of London. Families can explore interactive exhibits, discover the evolution of postal services, and enjoy the subterranean adventure on the miniature train.


10.	The Shard's View from The Shard: London from Above

For a breathtaking indoor experience, head to The Shard and ascend to its observation deck, The View from The Shard. With panoramic views of London's skyline, this attraction provides a unique perspective on the city's landmarks, making it a memorable outing for families.


Conclusion:

From the wonders of science to the depths of the ocean, London offers a myriad of indoor activities that cater to the diverse interests of families. The city's museums, interactive attractions, and immersive experiences create lasting memories while providing educational and entertaining content for visitors of all ages. The next time you find yourself in London, embrace the excitement of indoor adventures with these family-friendly destinations.


Photo by David Henderson on Unsplash
",blog-1702475085752-67856.jpeg,1,2023-12-13 20:44:47
14,"""Cultural Treasures: A Review of the Best Museums in the West Midlands, UK""","The West Midlands, a region steeped in history and innovation, boasts an array of museums that showcase the rich tapestry of its cultural heritage. From industrial revolution marvels to world-class art collections, these institutions offer immersive experiences for locals and visitors alike. In this article, we'll explore and review the best museums in the West Midlands, inviting you to delve into the fascinating stories and artifacts that make this region truly unique.


1.	Birmingham Museum and Art Gallery (BMAG): A Cultural Oasis

Nestled in the heart of Birmingham, the Birmingham Museum and Art Gallery is a cultural oasis that seamlessly blends art and history. With diverse collections ranging from Pre-Raphaelite masterpieces to ancient artifacts, BMAG provides a comprehensive journey through time and creativity.


2.	Ironbridge Gorge Museums: Birthplace of the Industrial Revolution

Located in Telford, the Ironbridge Gorge Museums collectively form a UNESCO World Heritage site, celebrating the birthplace of the Industrial Revolution. Visitors can explore the Iron Bridge itself, as well as the various museums, including the Museum of Iron and Blists Hill Victorian Town, offering an immersive experience of life in the 19th century.


3.	Herbert Art Gallery and Museum (Coventry): Local History and Contemporary Art

The Herbert Art Gallery and Museum in Coventry is a dynamic institution that seamlessly combines local history with contemporary art. From medieval artifacts to thought-provoking exhibitions, this museum provides a diverse cultural experience for all ages.


4.	National Motorcycle Museum: Revving Up History

For enthusiasts of two-wheeled marvels, the National Motorcycle Museum in Solihull is a must-visit destination. With an extensive collection of vintage and modern motorcycles, this museum offers a thrilling journey through the evolution of motorized two-wheelers.


5.	Thinktank, Birmingham Science Museum: Inspiring Curiosity

Situated in Millennium Point, Thinktank is Birmingham's award-winning science museum. Catering to curious minds of all ages, Thinktank features interactive exhibits, fascinating displays, and live science demonstrations, making it an engaging and educational experience for families.


6.	Coventry Transport Museum: Wheels of Progress

The Coventry Transport Museum is a haven for automotive enthusiasts, showcasing the city's significant contributions to the world of transportation. From bicycles to iconic cars, this museum offers a captivating exploration of Coventry's role in shaping the history of mobility.


7.	Lunt Roman Fort: A Glimpse into Roman Britain

Step back in time at Lunt Roman Fort in Baginton, where visitors can experience life in Roman Britain. The reconstructed fort provides an immersive journey into the past, complete with interactive exhibits, demonstrations, and living history events.


8.	Sarehole Mill (Birmingham): Tolkien's Inspiration

For fans of J.R.R. Tolkien, Sarehole Mill in Birmingham holds a special significance. The historic water mill, which inspired scenes in ""The Hobbit,"" offers a charming glimpse into the author's childhood and the rural landscape that influenced his works.


9.	Compton Verney Art Gallery and Park: Stately Splendor

Nestled in Warwickshire, Compton Verney is a stately home turned art gallery surrounded by picturesque parkland. The gallery hosts a diverse collection of European paintings, sculptures, and decorative arts, set against the backdrop of Capability Brown-designed grounds.


10.	Black Country Living Museum: Living History

Immerse yourself in the sights, sounds, and smells of the past at the Black Country Living Museum in Dudley. This open-air museum brings history to life with reconstructed buildings, costumed interpreters, and working industrial exhibits, providing a vivid experience of life in the Black Country during the 19th and early 20th centuries.


Conclusion:

The West Midlands' museums stand as cultural beacons, offering a kaleidoscope of experiences that reflect the region's diverse history and contributions to art, industry, and innovation. Whether you're delving into the industrial revolution's legacy, exploring artistic masterpieces, or stepping into the pages of literary history, the museums of the West Midlands provide enriching and memorable journeys through time and culture. Plan your visits and uncover the treasures that make these institutions true gems in the heart of England.
",blog-1702475321647-82486.jpeg,1,2023-12-13 20:48:42
15,Exploring Boundless Adventures: A Guide to Maximizing Online Journals for Family Days Out,"In the age of technology, planning and executing memorable family days out has evolved. Online journals have become invaluable tools for families seeking new and exciting adventures. From researching destinations to documenting cherished moments, the digital landscape has revolutionized the way we plan and experience family outings. In this article, we'll delve into the myriad ways online journals can enhance your family days out, providing practical tips and insights for a seamless and enjoyable experience.


Researching Destinations:

One of the primary benefits of online journals is the wealth of information they provide about various destinations. Families can explore firsthand experiences, reviews, and recommendations shared by fellow adventurers. Whether you're interested in theme parks, nature reserves, or historical sites, online journals offer a plethora of insights to help you make informed decisions about your family day out.

Recommendation: Before settling on a destination, read multiple reviews to gain a well-rounded perspective. Look for journals that highlight family-friendly features, accessibility, and any potential challenges that might affect your day.


Planning Itinerary:

Online journals serve as excellent resources for crafting a detailed itinerary for your family day out. Engage with narratives of other families who have visited the same location and gather insights into the best routes, must-see attractions, and optimal times for specific activities. Create a personalized plan that caters to your family's preferences and interests.

Recommendation: Use online journals to find hidden gems and off-the-beaten-path attractions that might not be well-known but could add a unique touch to your itinerary.



Budgeting and Discounts:

Families often seek cost-effective ways to enjoy a day out together. Online journals can guide you in managing your budget wisely by providing information on ticket prices, special discounts, and promotions. Many bloggers share tips on how to save money on various aspects of a family day out, allowing you to make the most of your resources.

Recommendation: Keep an eye out for exclusive online deals and discounts mentioned in journals, and consider subscribing to newsletters or following social media accounts of family travel bloggers for real-time updates on special offers.


Packing Essentials:

Preparing for a family day out involves meticulous packing to ensure everyone's comfort and safety. Online journals often feature comprehensive packing lists based on personal experiences. From sunscreen and snacks to spare clothing and first aid kits, these lists can serve as valuable guides to streamline your packing process.

Recommendation: Take note of specific items mentioned by experienced families in their journals, and tailor your packing list to suit your family's needs and the unique requirements of the chosen destination.


Capturing Memories:

The beauty of family days out lies in the memories created and cherished for years to come. Online journals offer inspiration for creative ways to capture these moments. From photography tips to journaling techniques, experienced families share their methods for preserving the magic of the day.

Recommendation: Consider creating a digital or physical scrapbook to compile photos, ticket stubs, and handwritten notes from each family day out. This personalized keepsake will be a treasure trove of memories.


Navigating Challenges:

Despite meticulous planning, unforeseen challenges may arise during a family day out. Online journals provide a platform for families to share their experiences overcoming obstacles, offering valuable insights into problem-solving and adaptability.

Recommendation: Read about challenges faced by others in online journals and take note of the strategies they employed to turn setbacks into opportunities for bonding and learning.


Sharing Your Experience:

Once your family day out is complete, contribute to the online community by sharing your own experiences through an online journal or social media. Your insights may help other families plan their adventures, fostering a sense of connection within the online family travel community.

Recommendation: Include practical tips, recommendations, and personal anecdotes in your journal to provide a comprehensive overview of your family day out. Engage with readers by responding to comments and questions to build a supportive network.


Conclusion:

Embracing the power of online journals can transform your family days out from routine to remarkable. By tapping into the collective wisdom of fellow adventurers, you can make informed decisions, overcome challenges, and create lasting memories with your loved ones. So, embark on your next family adventure with the guidance of online journals, and let the digital realm enhance your real-world experiences.


Photo by Adam Sherez on Unsplash


",blog-1704157834204-18804.jpeg,1,2024-01-02 08:10:35
16,The Power of Privacy: Unraveling the Popularity of Private Lifestyle Journals,"In a world that often thrives on public sharing and social media oversharing, the popularity of private lifestyle journals stands as a testament to the enduring allure of personal introspection and the need for a sacred space of self-expression. These private journals, often tucked away from the prying eyes of the public, provide individuals with a sanctuary for genuine reflection, raw emotion, and unfiltered thoughts. In this article, we will delve into the intricate reasons behind the rising popularity of private lifestyle journals, exploring the psychological, emotional, and social factors that contribute to their widespread appeal.


Authentic Self-Expression

One of the primary draws of private lifestyle journals lies in their capacity to facilitate authentic self-expression without the constraints of external judgment. In a society where curated online personas and carefully crafted images prevail, private journals offer a space where individuals can be unabashedly themselves. This authentic self-expression allows for a deeper exploration of thoughts, emotions, and experiences, free from the pressure of societal expectations.
Private journals become a canvas for individuals to express their truest selves, acknowledging the complexities and nuances that may not be readily shared in public spaces. The freedom to be vulnerable without fear of judgment fosters a sense of authenticity that contributes significantly to the popularity of private lifestyle journals.


Emotional Catharsis and Therapeutic Benefits

The act of journaling has long been recognized as a therapeutic tool, and private lifestyle journals, in particular, provide an intimate avenue for emotional catharsis. Writing down one's thoughts and feelings can be a cathartic release, allowing individuals to process and make sense of their emotions. The private nature of these journals ensures that this emotional release remains a personal and confidential experience.
The popularity of private lifestyle journals is closely tied to their role in mental and emotional well-being. The act of journaling serves as a form of self-therapy, enabling individuals to navigate the complexities of their emotions, find clarity, and develop a deeper understanding of themselves. The confidential nature of private journals fosters a safe space for this emotional exploration, contributing to their widespread appeal.


Unfiltered Reflection and Growth

Private lifestyle journals offer a dedicated space for unfiltered self-reflection, allowing individuals to confront their thoughts, fears, and aspirations honestly. The absence of an external audience enables a more genuine exploration of personal growth, as individuals can document their evolving perspectives without the pressure of external expectations.
The private nature of these journals allows individuals to reflect on their journey, track personal development, and set genuine goals without the influence of external validation. The raw, unfiltered nature of this self-reflection contributes to a more authentic and meaningful personal narrative, fostering a sense of self-awareness and growth.


Enhanced Privacy in a Digital Age

In an era where digital footprints and online exposure are constant concerns, private lifestyle journals provide a tangible, offline refuge. With growing awareness of data privacy and the potential pitfalls of oversharing online, individuals are turning to private journals as a secure and confidential means of self-expression.
Traditional paper journals, stored in a physical space, offer a level of privacy that digital platforms sometimes struggle to provide. The tangible nature of a private journal eliminates concerns about hacking, data breaches, or unintended sharing. The sense of control over the privacy of one's thoughts and experiences contributes significantly to the popularity of private lifestyle journals in an increasingly digital age.


Intimate Connection with Thoughts and Memories

Private lifestyle journals serve as tangible repositories of thoughts, memories, and experiences. The act of physically writing down one's reflections creates an intimate connection between the individual and their thoughts. The tactile experience of putting pen to paper enhances the emotional resonance of the journaling process, making it a more immersive and personal experience.
These private journals become archives of personal history, capturing the essence of specific moments, emotions, and insights. The tangible connection with the journal fosters a deeper relationship with one's thoughts and memories, creating a cherished and tangible record of personal experiences.


Freedom from External Validation

Public sharing often comes with an inherent desire for external validation, likes, and comments. Private lifestyle journals, by contrast, offer freedom from the pressure to seek approval or validation from others. The act of journaling becomes a solely personal endeavor, driven by the individual's need for self-reflection and expression rather than external recognition.
The absence of an audience allows individuals to explore and embrace aspects of themselves that may not align with societal norms or expectations. This freedom from external validation fosters a sense of liberation, encouraging individuals to delve into their truest selves without the constraints of external judgments.


Uninterrupted Honesty and Openness

Private lifestyle journals thrive on uninterrupted honesty and openness. The absence of an external audience means individuals can be completely candid about their thoughts, feelings, and experiences. This uninhibited self-expression allows for a level of openness that may be challenging to achieve in public spaces, where considerations of societal norms or the expectations of others can influence the narrative.
The private nature of these journals encourages individuals to confront their vulnerabilities, embrace imperfections, and express themselves without filters. This unapologetic honesty contributes to a more genuine and meaningful documentation of personal experiences.


Unstructured Creativity

While some individuals enjoy the structure of organized, themed journals, private lifestyle journals often provide a canvas for unstructured creativity. The absence of an external audience or predefined expectations allows individuals to explore their creativity freely. Whether through free-form writing, doodling, or incorporating mixed media, private journals become a playground for uninhibited artistic expression.
The unstructured nature of these journals encourages experimentation, fostering a sense of creative freedom that may be stifled in more curated or public spaces. The emphasis on personal satisfaction rather than external reception enhances the joy of creative expression within the private realm.


Conclusion

In conclusion, the popularity of private lifestyle journals can be attributed to a myriad of factors that resonate with the human need for genuine self-expression, emotional catharsis, and personal growth. The private nature of these journals offers a refuge from the external pressures of public sharing, providing individuals with an intimate space for unfiltered reflection and creativity.
As the digital age continues to shape the way we communicate and express ourselves, private lifestyle journals stand as a counterbalance, emphasizing the importance of personal privacy and the tangible, offline experience of self-reflection. In a world that often clamors for attention and validation, private lifestyle journals offer a quiet sanctuary for individuals seeking authenticity, emotional release, and the freedom to explore their truest selves without reservation.


Photo by Tim Graf on Unsplash",blog-1705449295868-43783.jpeg,1,2024-01-17 06:54:56
17, Exploring Europe in Spring: Top Destinations to Awaken Your Wanderlust,"As winter's chill fades away and nature begins to bloom, Europe emerges as a captivating destination, offering a myriad of experiences that celebrate the arrival of spring. From vibrant festivals to scenic landscapes, Europe beckons travellers to embark on unforgettable adventures during this enchanting season. Whether you're seeking cultural immersion, outdoor escapades, or simply a rejuvenating getaway, Europe has something to offer for every type of traveller. Here, we explore some of the best places to visit in Europe during spring, where you can revel in the beauty of the season and create cherished memories that will last a lifetime.

1. Amsterdam, Netherlands

Renowned for its picturesque canals and vibrant tulip fields, Amsterdam is a quintessential spring destination in Europe. In April, the city comes alive with the blooming of millions of tulips, daffodils, and hyacinths, painting the landscape with a kaleidoscope of colours. Visitors can immerse themselves in the world of flowers at the famous Keukenhof Gardens, where they can stroll through intricately designed flower displays and witness the beauty of Dutch horticulture. Additionally, springtime in Amsterdam coincides with King's Day, a national holiday celebrated with lively street parties, concerts, and flea markets, offering a glimpse into Dutch culture and traditions.

2. Provence, France

Famed for its idyllic countryside, fragrant lavender fields, and charming hilltop villages, Provence is a captivating destination to explore in spring. As the weather warms up, the region bursts into bloom, with fields of lavender, sunflowers, and poppies carpeting the landscape in vibrant hues. Visitors can embark on scenic drives through the countryside, stopping at picturesque villages such as Gordes, Roussillon, and Saint-Rémy-de-Provence to soak in the charm of rural life. Additionally, spring is the perfect time to indulge in Provence's world-renowned cuisine, with fresh produce such as strawberries, asparagus, and artichokes in abundance at local markets and restaurants.

3. Barcelona, Spain

With its sunny weather, stunning architecture, and lively atmosphere, Barcelona is an enticing destination year-round, but it truly comes alive in spring. As the city shakes off the winter chill, outdoor cafes and tapas bars spill onto the streets, inviting visitors to soak up the Mediterranean sunshine. Springtime in Barcelona also coincides with several cultural events and festivals, including the iconic Sant Jordi's Day, celebrated on April 23rd, when the city is adorned with roses and book stalls line the streets in honour of love and literature. Visitors can also explore the city's architectural gems, such as the iconic Sagrada Familia and Park Güell, without the crowds that flock during the peak summer months.

4. Tuscany, Italy

Renowned for its rolling hills, vineyards, and historic towns, Tuscany is a dream destination for travellers seeking tranquillity and natural beauty. In spring, the Tuscan countryside bursts into life with lush green landscapes dotted with colourful wildflowers and blossoming trees. Visitors can embark on leisurely drives through the Val d'Orcia region, stopping at charming towns like Montepulciano, Pienza, and San Gimignano to explore ancient cobblestone streets and savour authentic Italian cuisine. Additionally, spring is an ideal time to visit Tuscany's world-renowned wineries, where visitors can indulge in wine tastings amidst the picturesque vineyards.

5. Prague, Czech Republic

Steeped in history and architectural splendour, Prague captivates visitors with its fairy-tale charm and medieval beauty. In spring, as the city shakes off the winter frost, Prague's historic streets and squares come alive with colour and vitality. Visitors can stroll across the iconic Charles Bridge, framed by blooming cherry blossoms, and explore the picturesque alleys of the Prague Castle complex. Springtime in Prague also brings an array of cultural events and festivals, including the Prague Spring International Music Festival, which showcases world-class classical music performances in venues across the city. With fewer crowds and mild weather, spring is the perfect time to discover the enchanting allure of the Czech capital.

6. Santorini, Greece

Famed for its breathtaking sunsets, whitewashed villages, and crystal-clear waters, Santorini is a paradise destination that truly shines in spring. As the island awakens from its winter slumber, vibrant wildflowers carpet the hillsides, and the aroma of blooming bougainvillea fills the air. Visitors can explore the iconic cliffside villages of Oia, Fira, and Imerovigli, with their charming narrow streets and panoramic views of the Aegean Sea. Spring also marks the beginning of the island's beach season, offering opportunities for swimming, sunbathing, and water sports on Santorini's pristine beaches. With fewer tourists and pleasant weather, spring is an ideal time to experience the magic of this Greek island gem.

7. The Cotswolds, England

Nestled in the heart of rural England, the Cotswolds is a picture-perfect destination renowned for its quintessential English countryside, charming villages, and historic landmarks. In spring, as the landscape awakens from its winter slumber, the Cotswolds are blanketed in a tapestry of blooming wildflowers, lush green meadows, and budding trees. Visitors can embark on scenic walks along the Cotswold Way, a long-distance footpath that traverses rolling hills, picturesque valleys, and ancient woodlands. Spring also brings a plethora of seasonal events and activities, including garden tours, village fetes, and agricultural shows, providing visitors with a glimpse into traditional English life.

Conclusion

From the colourful tulip fields of Amsterdam to the sun-drenched shores of Santorini, Europe offers a wealth of enchanting destinations to explore during the spring season. Whether you're seeking cultural immersion, outdoor adventures, or simply a tranquil retreat amidst nature, Europe's diverse landscapes and vibrant cities are sure to captivate your senses and awaken your wanderlust. So pack your bags, embark on a journey of discovery, and experience the magic of Europe in springtime.

Photo by Myron Mott on Unsplash",blog-1711576872799-64412.jpeg,1,2024-03-28 05:01:13
18,Landing Page Image Credits,"Friends, Family
Photo by Tyler Nix on Unsplash

Family walking on dirt road during daytime
Photo by Naré Gevorgyan on Unsplash

Group of people standing on beach during daytime
Photo by Jimmy Conover on Unsplash
",,1,2024-04-09 03:48:47
19,"10 Creative Ideas for Unforgettable Children's Birthday Parties in Birmingham, UK","Planning a children's birthday party can be both thrilling and overwhelming. In Birmingham, UK, there's a wealth of options to create an unforgettable celebration for your little one. From traditional favourites to unique experiences, there's something for every child's interest and every parent's budget. In this article, we'll explore ten creative ideas to make your child's birthday party a hit in Birmingham.

Themed Parties at Birmingham Museums:
Birmingham is home to various museums offering themed birthday parties. Choose from themes like dinosaurs at the Lapworth Museum of Geology or space exploration at Thinktank Birmingham Science Museum. These venues provide interactive experiences and educational activities, often including a guided exhibit tour. It's not only fun but also enriching for the young minds.

Outdoor Adventure at Lickey Hills Country Park:
For the adventurous souls, hosting a party at Lickey Hills Country Park promises a day filled with excitement. Activities such as nature trails, orienteering, and den building can keep the children engaged and active. Pack a picnic and enjoy the beautiful natural surroundings while the kids burn off some energy.

Creative Workshops at Birmingham Art Gallery:
Birmingham Art Gallery offers creative workshops that are perfect for budding artists. Let the children unleash their creativity through painting, pottery, or sculpture. Experienced instructors guide them through the process, and each child gets to take home their masterpiece—a memorable and artistic way to celebrate.

Sports Extravaganza at a Local Sports Centre:
Birmingham boasts numerous sports centres offering birthday party packages tailored to energetic kids. Football, gymnastics, and swimming are sports for every interest. These venues typically provide equipment, coaches, and sometimes even a mini-tournament, ensuring a day packed with fun and healthy competition.

Magical Theatre Experience at Birmingham Hippodrome:
Treat your child to a magical theatre experience at Birmingham Hippodrome. Many theatres offer special birthday packages, including tickets to a family-friendly show, backstage tours, and even a meet-and-greet with the cast. It's a chance for kids to immerse themselves in the performing arts world and create lasting memories.

Animal Encounters at Birmingham Wildlife Conservation Park:
If your child loves animals, hosting a birthday party at Birmingham Wildlife Conservation Park is a fantastic choice. The park is home to various fascinating creatures, from meerkats to lemurs to reptiles. Many venues offer guided tours, animal feeding sessions, and hands-on experiences, making it an educational and entertaining option.

Culinary Adventures with Cooking Classes:
For little chefs, cooking classes can be a delightful way to celebrate their special day. Many cooking schools in Birmingham offer children's birthday party packages where they can learn to bake cupcakes, decorate cookies, or make their own pizzas. It's a deliciously fun experience that leaves everyone with a tasty treat to enjoy.

Outdoor Picnic and Games at Cannon Hill Park:
Cannon Hill Park provides a picturesque setting for a relaxed outdoor birthday party. Pack a picnic basket with sandwiches, snacks, and birthday cake, and let the children enjoy the playgrounds, pedalos on the lake, and open green spaces. Organize classic party games like sack races, tug-of-war, and musical chairs for added entertainment.

Superhero Training Camp at a Local Adventure Park:
Turn your child's birthday into an epic adventure by hosting a superhero training camp at a local adventure park. Activities like obstacle courses, zip-lining, and rope climbing can make the kids feel like real-life superheroes. Encourage them to dress up as their favourite characters for extra excitement.

Indoor Play Centers for All-Weather Fun:
Birmingham offers a range of indoor play centres perfect for birthday parties, regardless of the weather. These venues typically feature soft play areas, trampolines, slides, and ball pits, ensuring hours of entertainment for the little ones. Party packages include food, drinks, and a dedicated party host, making it a hassle-free option for parents.

Conclusion:

Planning a children's birthday party in Birmingham, UK, doesn't have to be stressful. With many unique venues and activities to choose from, you can create a memorable celebration tailored to your child's interests and preferences. Whether it's exploring museums, enjoying outdoor adventures, unleashing creativity, or indulging in culinary delights, there's something for every young party-goer in Birmingham. So, get ready to plan an unforgettable birthday bash that will leave your child and their friends smiling from ear to ear.",blog-1712609578166-80126.jpeg,1,2024-04-09 03:52:58
22,"Top 20 Places to Take Kids in the Summer in the Midlands, UK","Summer is the perfect time to explore the Midlands with your family. This region boasts a wealth of attractions that promise fun, adventure, and learning experiences for kids of all ages. Whether you're looking for thrilling rides, fascinating wildlife, or interactive museums, the Midlands has it all. Here’s a roundup of the top 20 places to take your kids this summer.

1. Drayton Manor Theme Park (Staffordshire)
Drayton Manor is a family favorite with something for everyone. Younger kids will love Thomas Land, while thrill-seekers can enjoy rides like Apocalypse and Shockwave. Don’t miss the zoo and 4D cinema!

2. Twycross Zoo (Warwickshire)
Home to a vast array of primates and other exotic animals, Twycross Zoo offers interactive exhibits and engaging play areas, making it both educational and entertaining.

3. Warwick Castle (Warwickshire)
Warwick Castle combines history and fun. Kids can explore the medieval fortress, watch live jousting, and get lost in the Horrible Histories Maze. The interactive Knight School is a must-do.

4. West Midland Safari Park (Worcestershire)
A drive-through safari experience where you can see lions, elephants, and rhinos up close. The park also features a walk-through area, amusement rides, and a discovery trail.

5. Cadbury World (Birmingham)
For chocolate lovers, Cadbury World is a dream come true. Learn about the history of chocolate, see how it’s made, and enjoy plenty of free samples. The interactive exhibits are a hit with kids.

6. Thinktank, Birmingham Science Museum (Birmingham)
This interactive science museum offers hands-on exhibits, a planetarium, and a science garden. It’s perfect for curious kids who love to explore and learn.

7. The National Forest Adventure Farm (Staffordshire)
From animal encounters to large play areas, this adventure farm offers a mix of indoor and outdoor activities. Seasonal events like maize mazes and pumpkin picking add to the fun.

8. Conkers (Leicestershire)
Conkers is a discovery center set in the National Forest. With adventure playgrounds, high ropes, a 4D cinema, and nature trails, it’s an exciting and educational outing for kids.

9. The Black Country Living Museum (Dudley)
Step back in time at this open-air museum featuring a recreated Victorian village. Kids will love the old-fashioned fairground rides, traditional shops, and canal trips.

10. Stratford Butterfly Farm (Warwickshire)
Wander through the UK’s largest tropical butterfly paradise and encounter hundreds of free-flying butterflies. The farm also houses insects, spiders, and reptiles.

11. Alton Towers (Staffordshire)
One of the UK’s most famous theme parks, Alton Towers has rides for all ages, including CBeebies Land for younger children and thrilling coasters for teens and adults.

12. Sealife Birmingham (Birmingham)
Discover an underwater world at Sea Life Birmingham. Walk through the 360-degree ocean tunnel, see sharks, rays, and even meet the resident sea turtles.

13. LEGOLAND Discovery Centre (Birmingham)
Ideal for kids who love LEGO, this indoor attraction features interactive rides, a 4D cinema, and plenty of opportunities to build and play.

14. National Space Centre (Leicestershire)
Blast off into space at the National Space Centre. With its iconic Rocket Tower, planetarium shows, and interactive exhibits, it’s perfect for aspiring astronauts.

15. Ironbridge Gorge Museums (Shropshire)
Explore the birthplace of the Industrial Revolution through ten museums set in this UNESCO World Heritage Site. Kids can enjoy hands-on activities and historical reenactments.

16. Peak Wildlife Park (Staffordshire)
A walk-through zoo where kids can get up close to animals like lemurs, wallabies, and meerkats. The park also features play areas and picnic spots.

17. Cotswold Wildlife Park (Oxfordshire)
A bit of a drive, but worth it! This park is home to a diverse range of animals and beautiful gardens. Kids will love the adventure playground and the chance to feed the penguins.

18. Thinktank Planetarium (Birmingham)
Part of the Thinktank Science Museum, the planetarium offers stunning shows about space and our universe. It’s a magical experience for kids and adults alike.

19. Birmingham Botanical Gardens (Birmingham)
These beautiful gardens are perfect for a leisurely day out. Kids can explore the glasshouses, aviaries, and the playground while learning about different plant species.

20. The National Sealife Centre (Birmingham)
Another great spot for marine life enthusiasts, with interactive exhibits, touch pools, and fascinating creatures like sea horses, octopuses, and jellyfish.

Conclusion
The Midlands is a treasure trove of fun and educational experiences for kids. From thrilling theme parks and fascinating zoos to interactive museums and historical sites, there’s no shortage of places to explore. So pack your bags, grab your kids, and get ready for an unforgettable summer adventure in the heart of England!",blog-1717011287504-66121.jpeg,1,2024-05-28 04:40:10
24,Discover WayzAway: Your Ultimate Private Travel and Activity Journal,"In an age where our lives are often shared openly on social media, the need for a personal and private space to document our experiences has never been more significant. Enter WayzAway—the innovative platform designed to transform how you record and revisit your travel adventures and daily activities. Here’s why WayzAway is the ideal choice for those seeking a blend of privacy, functionality, and inspiration in their journaling journey.

What is WayzAway?

WayzAway is a private travel and activity journal that allows users to record their memorable moments in a user-friendly, secure environment. Unlike traditional social media platforms that focus on public sharing, WayzAway offers a space for personal reflection and detailed documentation of your experiences, away from the prying eyes of the internet. This emphasis on privacy means you can relive your memories without the intrusion of algorithms or targeted ads.

Key Features of WayzAway

1.	Personalized Entries: WayzAway provides a streamlined process to create detailed journal entries. Whether you’re documenting a weekend hike, an overseas vacation, or a delightful meal at a local restaurant, WayzAway allows you to capture every detail. Users can upload photos, add descriptive text, and even include location data to build a rich tapestry of memories.

2.	Privacy-First Approach: At the core of WayzAway’s philosophy is privacy. The platform ensures that your data is yours alone, with no trending topics or suggested follows that might compromise your private moments. This focus on confidentiality makes it an excellent choice for users who prefer to keep their personal experiences away from the public eye.

3.	Inspirational Content: Despite its private nature, WayzAway offers a unique feature where users can explore the activities and adventures recorded by friends and family. This curated display of experiences serves as a wellspring of inspiration for your own future travels and activities, allowing you to discover new destinations and ideas.

4.	Simple and Intuitive Design: WayzAway’s interface is designed to be both aesthetically pleasing and functional. The minimalist layout ensures that your content stands out, and navigating through your journal entries is both easy and enjoyable. The app's design ensures that a wealth of memories can be stored within a single image or entry, making it easy to revisit and cherish your past experiences.

5.	User Testimonials: The value of WayzAway is best reflected in the words of its users. As one user, Lauren, notes, “Anytime we log into WayzAway and see all the memories from years past, it brings a smile to our faces. It’s a great motivator to have more memorable experiences, big or small, in the future.” Another user, Val, appreciates the platform for its ability to inspire new activities, saying, “It’s really great to see what the people I care about are doing. It gives me so many ideas on ways to get out and find things to journal.”

Why Choose WayzAway?

1.	Enhanced Privacy: In a world where digital privacy is becoming increasingly scarce, WayzAway stands out by offering a truly private journaling experience. You have full control over your data and who gets to see it, ensuring that your memories remain personal and protected.

2.	Motivation to Explore: With WayzAway, every entry serves as a motivation to create new memories. The platform’s ability to store and display past experiences encourages users to seek out new adventures and activities to document, enriching their lives in the process.

3.	Organized Memory Keeping: WayzAway’s organized format helps you keep track of your experiences systematically. This is especially useful for avid travelers who want to maintain a detailed record of their journeys, complete with photos, notes, and geotags.

4.	Accessible Across Devices: WayzAway is designed to be accessible across various devices, ensuring that you can record and revisit your entries whether you're at home or on the go. The app is available on Play store and iOS, providing a seamless experience across most devices.

Getting Started with WayzAway

To begin your journey with WayzAway, simply download the app or visit the site (WayzAway.com) and create your account. The intuitive setup will guide you through creating your first entry, and from there, you can start building your personal journal. Whether you’re looking to document a day out with friends, a solo hike in the mountains, or an exotic vacation, WayzAway is equipped to capture every moment beautifully.

In conclusion, WayzAway is more than just a journaling tool—it’s a platform that values your privacy and inspires you to live a life full of memorable experiences. Start your WayzAway journey today and ensure that your beautiful moments are never forgotten.


Photo by Jarritos Mexican Soda on Unsplash



  
",blog-1720112111009-59786.jpeg,1,2024-07-04 16:55:12
25,Experience Life's Journeys with WayzAway: Your Ultimate Digital Journaling Companion for Family Memories,"Discover the Magic of WayzAway

Imagine a place where every precious moment of your family’s adventures, from everyday activities to epic vacations, is captured and celebrated. WayzAway, the ultimate digital journaling platform, makes this dream a reality. Gone are the days of bulky scrapbooks and lost photos. Say hello to an easy, modern, and fun way to document your family’s journey.
WayzAway isn't just a tool; it's your family's digital memory vault. It’s designed to be intuitive, engaging, and bursting with features that transform ordinary moments into extraordinary stories. Whether you're chronicling a simple Sunday picnic or a grand tour across Europe, WayzAway makes journaling as effortless as living the experience itself.

Why WayzAway is Perfect for Your Family

1. User-Friendly Design

WayzAway offers a sleek and easy-to-navigate interface that lets you focus on what matters: capturing memories. You don’t need to be tech-savvy to use WayzAway. Just sign up, and you’re ready to start journaling your family’s experiences.

2. Multimedia Integration

WayzAway lets you seamlessly incorporate photos into your journal entries. Relive the scenic beauty of your road trips and those unforgettable first steps all in one place with vibrant pictures.

3. Real-Time Collaboration

Family journaling is a team effort with WayzAway. Share the fun of documenting memories by inviting your family members to contribute their perspectives. Mom’s view of the beach day might differ from Dad’s, and that’s the beauty of it!

4. Accessibility on the Go

Life’s best moments often happen away from home. WayzAway’s mobile app ensures you can journal wherever you are. Snap photos and jot down notes – all in the moment.

5. Advanced Organization Tools

With WayzAway, keeping your journal organized is a breeze. Tag entries by events, people, or locations. Use the search feature to find specific memories in seconds. Create custom folders for each family member, trip, or activity.

6. Secure and Private

Your family’s memories are priceless, and WayzAway keeps them safe. With top-notch encryption and regular backups, you can be confident that your journal is protected and private.

Getting Started with WayzAway

1. Sign Up and Set Up Your Profile

Head over to WayzAway.com and create an account. Setting up is simple. Personalize your profile with a family photo and write a brief introduction about your journaling goals. This adds a personal touch and sets the tone for your journaling journey.

2. Create Your First Journal

Start by creating your first journal. Maybe it’s a family vacation log or a daily life diary. Give it a catchy name like “Smith Family Adventures” or “The Daily Chronicles.” WayzAway lets you set up multiple journals, so feel free to get creative!

3. Invite Family Members

Send invites to family members via email or directly through WayzAway. They can join your journal, contribute comments, and enjoy reminiscing over shared experiences. 

Recording Family Experiences with WayzAway

Special Occasions and Milestones

Whether it’s a birthday, holiday, or a milestone like a graduation, WayzAway is perfect for documenting these significant events.

•	Event Summary: Start with a summary of the event. Include the date, place, and why it’s special.
•	Preparations: Capture the fun (and sometimes chaos) of getting ready. Photos of decorations, party planning lists, and the excitement leading up to the event are great additions.
•	Highlights: Record the best moments – the birthday cake reveal, opening gifts, or the family gathered around the holiday table.
•	Photos: Make sure to add photos. A picture of your child blowing out birthday candles or a series of photos from the holiday dinner can bring the entry to life.

Documenting Family Activities

1. Weekly Recaps
Summarise your weekly activities to capture the essence of your family's life.
•	Activity Lists: List out the activities your family did during the week – movie nights, hikes, board games, or just a lazy Sunday.
•	Favorite Moments: Highlight what stood out. Did your daughter win her soccer game? Did you discover a new family favorite recipe? These moments are the heart of your journal.
•	Photos and Stories: Add photos and brief stories about each activity. A picture of your family hiking or a snapshot of your board game night can bring the recap to life.

2. Family Projects

Document family projects, whether it’s a home garden, a DIY craft, or even a charity event.
•	Project Goals: Outline the goal of your project. Are you planting a garden to grow fresh veggies, or building a treehouse for fun?
•	Steps and Progress: Keep a running log of steps taken and progress made. Include photos at each stage.
•	Challenges and Solutions: Document any challenges faced and how you overcame them. These details make for interesting reads later on.
•	Final Outcome: Capture the completion of the project. Add photos of the finished garden or treehouse, and celebrate the accomplishment.

3. Sports and Extracurricular Activities

From soccer games to school plays, document your children's extracurricular activities in a vibrant way.
•	Event Details: Include the date, time, and location of the event.
•	Performance Highlights: Record the highlights – the winning goal, the standout performance in the play, or just the sheer joy on their faces.
•	Photos: Capture the action with photos. A picture of the winning goal or a photo of the costume can make the entry pop.

Recording Family Trips with WayzAway

During the Trip

Capture the essence of your trip with real-time journaling.
•	Daily Entries: Create daily entries that summarise the day’s activities. Include your adventures, meals, and any unexpected surprises.
•	Photo Albums: Create photo albums for each day or significant part of the trip. A picture of your family at a famous landmark or enjoying local cuisine adds a lot of flavour.
•	Photos of Maps and Tickets: Add photos of maps, tickets, or brochures to your entries. They provide context and are fun mementos to revisit.


Photo by Dana Marin (Amsterdamian) on Unsplash",blog-1720112484134-16705.jpeg,1,2024-07-04 17:01:24
27,Discover the Isle of Man: Top 15 Family-Friendly Destinations,"The Isle of Man, nestled in the heart of the Irish Sea, is a treasure trove of natural beauty, rich history, and cultural heritage. Known for its scenic landscapes, ancient sites, and vibrant festivals, the island offers an array of activities and destinations perfect for family adventures. Whether you're looking for outdoor excitement, educational experiences, or leisurely enjoyment, the Isle of Man has something for everyone. Here are the top 15 places to visit with family on this charming island.

1. Castle Rushen
Situated in the ancient capital of Castletown, Castle Rushen is one of the best-preserved medieval castles in Europe. This historic fortress provides a fascinating glimpse into the island's past. Families can explore its well-preserved rooms, climb the towers for panoramic views, and learn about the castle's role in Manx history through interactive exhibits. Children will especially enjoy the costumed guides and the opportunity to dress up in medieval attire.

2. Manx Museum
For a comprehensive overview of the Isle of Man's history, culture, and natural environment, the Manx Museum in Douglas is a must-visit. The museum features a range of exhibits, from Viking artifacts and prehistoric fossils to a display on the world-famous TT motorcycle races. The interactive exhibits and children's discovery zone make it an engaging experience for all ages.

3. Laxey Wheel and Mines Trail
The iconic Laxey Wheel, also known as the Lady Isabella, is the largest working waterwheel in the world. This impressive feat of Victorian engineering is a symbol of the island's mining heritage. Families can climb to the top of the wheel for stunning views and then explore the nearby mines trail, where children can learn about the mining process and the lives of the miners.

4. Curraghs Wildlife Park
Nature-loving families will find Curraghs Wildlife Park a delightful experience. Located in the north of the island, this wildlife park is home to a wide range of animals from around the world, including red pandas, meerkats, and lemurs. The park also features play areas, a wetland nature trail, and a miniature railway, providing plenty of entertainment for young explorers.

5. Tynwald Hill and Arboretum
Tynwald Hill in St John's is a unique cultural site where the world's oldest continuous parliament meets annually. Families can explore the hill and the surrounding arboretum, which is home to a variety of native and exotic trees. The area also features a beautiful garden, perfect for a peaceful family picnic.

6. Peel Castle
Perched on St Patrick's Isle, Peel Castle is a spectacular historical site with stunning views of the Irish Sea. The ruins of this ancient fortress offer a captivating journey through time, with informative displays and audio guides. The nearby sandy beach and vibrant Peel Marina make it an ideal spot for a family day out, complete with opportunities for swimming and enjoying fresh local seafood.

7. Snaefell Mountain Railway
For breathtaking views and a memorable adventure, hop aboard the Snaefell Mountain Railway. This electric railway takes you to the summit of Snaefell, the island's highest peak, offering panoramic vistas of the island and, on clear days, views of England, Ireland, Scotland, and Wales. At the top, families can enjoy a meal at the café and explore the mountain's unique flora and fauna.

8. The Great Laxey Mines Railway
This narrow-gauge railway offers a fun and educational experience, transporting visitors along a route once used by miners. The journey takes you through picturesque scenery, and the knowledgeable guides provide fascinating insights into the island's mining history. It's a charming and leisurely way to experience a piece of Manx heritage.

9. Groudle Glen Railway
Another delightful railway experience is the Groudle Glen Railway, a narrow-gauge railway that winds through the scenic Groudle Glen. This charming railway offers themed rides and special events, such as Santa trains during the Christmas season. The railway is perfect for young children and railway enthusiasts alike.

10. Cregneash Village
Step back in time at Cregneash, a traditional Manx crofting village preserved as a living museum. Here, families can explore traditional thatched cottages, watch demonstrations of traditional crafts, and meet native Manx Loaghtan sheep. The village offers a fascinating insight into the island's rural past and is a peaceful spot to enjoy a stroll through the countryside.

11. Castle Mona and Douglas Promenade
Douglas, the island's capital, boasts a beautiful promenade that stretches along the seafront. Families can enjoy a leisurely walk, take in the views, and visit attractions like Castle Mona, a historic building with a storied past. The promenade also offers plenty of opportunities for shopping, dining, and enjoying the seaside atmosphere.

12. Port Erin Beach and Milner's Tower
Port Erin, a picturesque seaside village, features a stunning sandy beach that's perfect for families. The calm waters are ideal for swimming and paddling, while the surrounding hills offer scenic hiking opportunities. A visit to Milner's Tower, a distinctive folly overlooking the bay, provides excellent views and a bit of history.

13. Manx Electric Railway
The Manx Electric Railway is one of the island's oldest and most scenic railways, running along the eastern coast from Douglas to Ramsey. The vintage trams offer a charming way to explore the island, with stops at picturesque villages and stunning coastal views. It's a nostalgic and relaxing journey that the whole family will enjoy.

14. Calf of Man and Sound Visitor Centre
For those interested in wildlife and nature, a visit to the Calf of Man is highly recommended. This small island off the southern coast is a haven for birdwatchers, with many species nesting there. The nearby Sound Visitor Centre offers informative displays about the area's natural history and stunning views of the surrounding waters, where seals and other marine life can often be spotted.

15. Ape Mann Adventure Park and Segway Tours
For an adrenaline-filled day out, Ape Mann Adventure Park offers high ropes courses, zip lines, and a variety of outdoor challenges. The park is suitable for older children and adults looking for a fun physical activity. Additionally, Segway Tours provide a unique way to explore the island's scenic trails and countryside, making for an exciting family adventure.


The Isle of Man is a perfect destination for families seeking a blend of history, nature, and adventure. With its diverse attractions, from medieval castles and museums to wildlife parks and scenic railways, the island offers endless opportunities for exploration and discovery. Whether you're interested in outdoor activities, cultural experiences, or simply relaxing by the sea, the Isle of Man has something to offer every family. Plan your visit today and create unforgettable memories on this enchanting island.",blog-1722859931251-72724.jpeg,1,2024-08-05 12:12:12
